dur,event,undgrad,phdmed,phdprest,art1,art2,art3,art4,art5,art6,art7,art8,art9,art10,cit1,cit2,cit3,cit4,cit5,cit6,cit7,cit8,cit9,cit10,prest1,prest2,jobtime
10,0,7,0,2.21,0,0,2,2,2,2,2,2,2,2,0,0,1,1,1,1,1,1,1,1,2.36,2.36,
4,1,6,0,2.21,8,10,14,18,,,,,,,27,44,57,63,,,,,,,1.84,2.88,3
4,0,4.95,0,2.21,0,0,0,2,,,,,,,0,0,0,2,,,,,,,2.4,2.4,
10,0,2,1,4.54,2,3,3,3,3,4,6,6,6,6,11,17,17,17,17,20,24,24,24,24,2.56,2.56,
7,1,5,1,2.15,1,1,1,2,2,3,5,,,,14,14,14,19,19,20,23,,,,2.4,2.4,
6,1,4.95,0,4.54,0,2,3,5,5,6,,,,,0,0,2,6,6,11,,,,,3.36,3.36,
10,0,6,1,4.54,5,5,5,5,5,5,5,6,6,6,29,29,29,29,29,29,29,31,31,31,2.88,1.94,4
6,1,4,1,2.96,3,4,7,8,8,9,,,,,19,26,37,45,45,56,,,,,2.2,2.2,
4,0,4,1,1.63,8,8,10,11,,,,,,,41,41,67,70,,,,,,,3.2,3.2,
5,1,5,1,2.96,0,1,1,1,2,,,,,,0,0,0,0,5,,,,,,2.72,2.72,
6,1,5,1,1.63,8,10,12,18,20,24,,,,,28,54,64,132,167,189,,,,,2.11,2.11,
6,0,4.95,1,2.86,6,9,12,14,21,25,,,,,36,39,52,64,105,127,,,,,3.2,3.2,
7,1,5,1,3.36,11,17,18,19,20,23,32,,,,62,91,101,106,107,119,165,,,,3.68,3.68,
6,1,4.95,1,4.54,1,1,2,3,8,10,,,,,13,13,14,14,44,53,,,,,3.68,3.68,
5,1,5,1,3.54,12,13,14,15,17,,,,,,140,142,146,151,162,,,,,,2.12,2.12,
4,1,5,1,4.54,0,0,0,1,,,,,,,0,0,0,1,,,,,,,1.94,1.94,
7,0,5,0,3.69,1,3,3,3,3,3,4,,,,31,66,66,66,66,66,67,,,,2.72,2.72,
7,1,5,1,2.32,1,1,1,1,2,5,5,,,,3,3,3,3,6,24,24,,,,2.52,2.52,
5,1,5,1,1.95,5,7,8,10,13,,,,,,115,136,143,191,244,,,,,,3.52,3.52,
5,1,6,1,1.86,3,4,7,7,8,,,,,,17,21,40,40,52,,,,,,1.79,1.79,
3,1,5,1,2.54,3,3,3,,,,,,,,7,7,7,,,,,,,,1.96,1.47,3
10,0,4.95,0,3.4,2,2,2,2,2,2,3,4,6,6,17,17,17,17,17,17,29,39,42,42,3.52,1,10
6,1,4,0,4.54,8,8,9,12,14,15,,,,,75,75,80,110,111,120,,,,,4.48,2.36,4
10,0,3,1,2.12,1,1,1,1,1,1,2,2,2,2,0,0,0,0,0,0,2,2,2,2,2.72,3.2,4
7,1,5,1,2.32,1,1,1,1,3,4,4,,,,2,2,2,2,7,9,9,,,,2.56,2.56,
4,1,6,1,2.96,11,12,12,12,,,,,,,75,75,75,75,,,,,,,2.2,2.2,
9,0,6,1,3.69,4,6,7,8,10,12,12,13,13,,47,51,62,74,86,111,111,112,112,,3.36,1,9
5,1,5,1,2.39,7,7,7,7,7,,,,,,16,16,16,16,16,,,,,,1.48,1.48,
5,1,7,0,3.36,6,7,7,11,14,,,,,,130,143,143,167,197,,,,,,3.52,3.52,
8,1,5,1,3.69,7,7,8,9,10,12,15,15,,,70,70,89,107,109,133,169,169,,,3.36,2.24,8
5,1,4.95,0,3.92,2,3,6,8,9,,,,,,0,7,19,30,36,,,,,,2.39,3.2,5
8,1,6,1,1.95,6,6,8,8,9,9,9,11,,,61,61,72,72,78,78,78,106,,,2.36,3.2,8
4,1,4,0,2.96,2,2,2,2,,,,,,,7,7,7,7,,,,,,,2.56,2.56,
4,1,1,0,3.92,5,6,7,7,,,,,,,78,82,85,85,,,,,,,2.56,2.56,
4,1,4.95,1,4.62,8,11,11,11,,,,,,,264,421,421,421,,,,,,,4.64,4.64,
4,0,3,0,1.52,1,2,2,2,,,,,,,0,1,1,1,,,,,,,1.68,1.68,
4,1,6,1,3.54,8,9,14,21,,,,,,,106,116,153,238,,,,,,,3.04,3.04,
8,1,4.95,1,4.54,7,8,9,11,12,14,14,24,,,56,71,87,102,107,120,120,188,,,3.36,3.36,
10,0,4,1,2.5,2,4,4,6,7,8,9,9,9,10,25,42,42,51,52,55,56,56,56,58,2.11,2.11,
4,1,6,1,4.54,12,13,15,17,,,,,,,138,142,153,157,,,,,,,2.36,2.36,
5,0,3,1,3.92,2,2,2,3,5,,,,,,27,27,27,44,70,,,,,,2.18,2.18,
9,1,5,1,3.4,0,1,1,1,1,3,3,3,6,,0,7,7,7,7,13,13,13,24,,1.97,1.97,
6,1,7,0,3.54,7,7,9,9,10,12,,,,,78,78,95,95,111,135,,,,,3.68,2.88,2
5,1,5,0,4.62,5,6,10,13,15,,,,,,36,46,53,61,67,,,,,,2.72,2.72,
3,0,7,1,1.78,9,10,10,,,,,,,,45,45,45,,,,,,,,2.56,2.56,
5,1,3,1,2.51,11,15,15,17,18,,,,,,52,60,60,65,81,,,,,,2.21,2.21,
8,1,5,1,2.51,10,10,11,12,12,12,12,13,,,89,89,92,103,103,103,103,107,,,3.68,1.72,8
5,0,3,1,1.22,1,1,1,1,1,,,,,,2,2,2,2,2,,,,,,2.72,2.72,
3,0,4,0,1.86,2,2,2,,,,,,,,32,32,32,,,,,,,,1.05,1.05,
5,1,7,1,4.62,22,25,28,31,35,,,,,,209,237,272,290,396,,,,,,4.64,4.64,
4,0,4.95,1,2.87,4,4,7,7,,,,,,,28,28,44,44,,,,,,,2.47,3.84,2
6,1,5,0,3.4,9,10,12,13,16,17,,,,,97,109,132,140,164,180,,,,,3.52,2.26,3
4,1,3,0,2.58,2,6,9,13,,,,,,,24,51,62,68,,,,,,,1.99,1.99,
3,0,4,0,1.68,1,1,1,,,,,,,,4,4,4,,,,,,,,1.68,1.68,
4,1,6,0,3.92,7,8,11,12,,,,,,,86,105,143,147,,,,,,,2.11,2.11,
4,1,6,1,3.54,3,3,5,8,,,,,,,19,19,23,36,,,,,,,2.72,2.72,
6,1,6,1,1.78,10,11,12,12,16,18,,,,,98,106,106,106,135,139,,,,,3.2,3.2,
5,1,7,1,3.92,5,9,10,11,14,,,,,,22,73,84,92,153,,,,,,3.2,3.2,
10,0,5,1,4.54,2,3,3,3,3,4,4,4,4,6,18,24,24,24,24,24,24,24,24,30,2.72,4.32,4
4,1,4,1,3.36,4,5,5,7,,,,,,,47,47,47,69,,,,,,,1.26,1.26,
4,1,4.95,1,3.92,18,26,36,44,,,,,,,117,234,350,419,,,,,,,3.36,3.36,
7,1,4.95,0,4.25,6,10,15,16,19,21,28,,,,143,178,185,185,204,227,266,,,,4.48,3.2,7
10,0,4,1,1.76,6,6,6,6,7,7,7,7,8,9,13,13,13,13,13,13,13,13,16,16,1.9,1.9,
5,1,6,0,2.87,7,7,7,8,8,,,,,,84,84,84,94,94,,,,,,2.72,2.72,
9,0,4,0,3.4,0,0,2,3,3,3,4,5,5,,0,0,11,21,21,21,21,22,22,,2.35,1,9
7,1,6,1,3.69,2,4,5,6,8,8,11,,,,24,31,34,37,58,58,94,,,,3.36,1.26,7
4,1,4,1,1.76,6,7,7,10,,,,,,,62,67,67,78,,,,,,,2.88,2.88,
10,1,7,0,4.25,4,4,4,4,6,6,6,7,8,11,73,73,73,73,84,84,84,90,92,106,4.48,1.95,10
6,1,7,1,2.58,4,4,5,6,7,8,,,,,24,24,28,42,55,80,,,,,2.5,2.5,
6,1,6,1,2.83,1,1,1,1,2,3,,,,,9,9,9,9,25,56,,,,,3.36,3.04,6
3,1,6,1,3.4,18,21,23,,,,,,,,344,381,400,,,,,,,,4.64,3.36,3
6,1,5,0,2.86,0,0,0,2,3,3,,,,,0,0,0,6,12,12,,,,,3.2,3.2,
9,1,7,0,4.62,0,1,1,1,1,1,1,2,3,,0,20,20,20,20,20,20,22,28,,3.04,3.04,
8,1,4,0,2.86,3,4,4,5,7,7,8,8,,,31,47,47,50,52,52,56,56,,,1.4,2.39,4
7,0,7,1,3.69,1,4,6,6,6,7,7,,,,20,27,47,47,47,73,73,,,,3.52,3.52,
4,1,3,1,3.92,3,3,4,5,,,,,,,10,10,10,14,,,,,,,3.52,3.52,
5,1,6,1,2.87,5,16,17,18,19,,,,,,17,181,196,278,312,,,,,,3.84,2.88,5
3,0,4,1,2.54,3,3,4,,,,,,,,22,22,30,,,,,,,,2.88,2.88,
9,0,3,1,2.83,4,5,6,6,6,7,8,8,8,,26,26,31,31,31,43,46,46,46,,3.04,3.68,4
9,0,4,1,4.62,6,8,9,15,20,20,32,44,49,,133,149,157,216,294,294,496,724,864,,2.52,2.52,
9,1,5,1,3.4,4,5,9,10,10,12,13,15,15,,17,24,38,59,59,67,69,75,75,,3.52,2.52,5
7,0,6,1,3.54,2,2,2,2,2,2,2,,,,37,37,37,37,37,37,37,,,,2.15,2.15,
4,1,2,1,1.51,4,5,6,6,,,,,,,8,11,13,13,,,,,,,2.88,2.88,
8,1,5,0,2,1,1,5,8,10,12,14,16,,,6,6,11,19,21,29,34,39,,,1.74,2.39,3
6,0,4,1,1.68,1,1,1,3,6,9,,,,,7,7,7,18,23,31,,,,,1.9,1.9,
5,1,7,1,4.62,11,12,14,20,28,,,,,,166,185,236,306,428,,,,,,4.64,3.52,5
10,1,1,1,1.68,5,5,5,11,14,16,18,18,18,18,14,14,14,57,120,176,194,194,194,194,2.11,2.11,
5,1,7,1,2.83,4,5,5,8,8,,,,,,18,18,18,94,94,,,,,,1.53,1.37,3
6,1,7,0,4.14,2,5,7,7,10,11,,,,,16,32,36,36,51,55,,,,,4.32,3.52,6
7,1,7,0,4.14,1,1,3,3,5,7,8,,,,20,20,29,29,35,83,83,,,,3.68,3.68,
7,0,4.95,1,4.62,2,2,2,2,2,5,5,,,,28,28,28,28,28,84,84,,,,2.52,2.52,
3,1,6,1,3.36,0,1,1,,,,,,,,0,10,10,,,,,,,,2.88,1.5,3
5,1,4,0,4.54,2,2,2,3,3,,,,,,11,11,11,11,11,,,,,,1.65,1.65,
5,1,6,1,2.54,1,1,5,7,7,,,,,,0,0,7,8,8,,,,,,1.91,1.47,5
5,1,5,0,2,2,2,3,3,4,,,,,,9,9,15,15,36,,,,,,2.56,3.2,4
4,1,7,0,4.54,10,10,10,12,,,,,,,59,59,59,66,,,,,,,2.45,2.56,2
4,1,4.95,0,4.54,4,6,6,8,,,,,,,13,38,38,44,,,,,,,1.94,1.94,
3,1,6,0,1.42,3,3,5,,,,,,,,1,1,5,,,,,,,,1.75,1.75,
7,1,7,1,4.62,3,7,7,7,7,7,8,,,,28,77,77,77,77,77,82,,,,1.68,1.68,
2,0,4,1,2.96,0,1,,,,,,,,,0,5,,,,,,,,,2.88,2.88,
8,1,6,1,3.47,1,2,2,3,4,6,8,9,,,1,1,1,11,11,16,21,23,,,2.88,2.88,
10,0,4,1,4.29,2,2,2,2,2,4,6,8,8,8,6,6,6,6,6,6,8,19,19,19,2.21,2.21,
7,1,4,1,2.61,0,1,2,3,3,3,3,,,,0,2,3,7,7,7,7,,,,1.22,1.94,7
6,1,4,0,2.76,6,8,9,13,13,17,,,,,29,31,40,61,61,83,,,,,3.2,1.47,6
6,1,6,1,4.29,2,3,3,4,5,6,,,,,1,1,1,1,6,9,,,,,2.1,2.1,
5,0,5,1,2.1,1,3,3,4,4,,,,,,3,12,12,18,18,,,,,,1.63,1.63,
7,1,4.95,1,3.62,3,3,5,10,14,23,31,,,,3,3,14,26,45,93,149,,,,3.04,3.04,
6,1,4,1,3.59,5,6,6,8,8,8,,,,,14,16,16,29,29,29,,,,,3.68,3.2,6
8,1,7,1,3.41,4,8,14,16,21,22,23,23,,,29,95,146,208,329,340,366,366,,,2.11,2.88,6
3,1,5,1,3.59,10,11,13,,,,,,,,84,98,101,,,,,,,,3.36,3.36,
4,1,7,0,4.29,2,3,6,7,,,,,,,3,3,9,11,,,,,,,3.36,3.36,
6,1,6,1,2.15,4,6,8,8,10,11,,,,,12,22,27,27,29,30,,,,,3.04,3.04,
5,1,5,1,4.29,4,4,4,5,6,,,,,,19,19,19,31,37,,,,,,2.1,2.1,
8,1,6,1,4.29,4,4,4,4,7,8,9,13,,,3,3,3,3,21,21,23,55,,,1.94,1.94,
8,0,4.95,1,4.29,0,0,0,0,0,0,0,0,,,0,0,0,0,0,0,0,0,,,2.72,2.72,
10,0,6,1,4.29,5,6,8,11,13,15,17,17,20,23,23,23,27,32,35,39,45,45,67,97,3.36,3.36,
7,1,6,0,3.62,5,6,7,8,10,11,13,,,,23,38,42,49,60,62,74,,,,2.56,2.18,7
6,1,7,0,2.61,3,6,11,13,20,29,,,,,54,100,137,149,178,222,,,,,3.68,3.68,
5,1,5,1,2.5,3,5,5,7,7,,,,,,8,16,16,23,23,,,,,,2.72,3.2,5
4,1,5,1,4.29,0,0,1,2,,,,,,,0,0,7,10,,,,,,,1.9,3.36,4
7,1,6,1,2.14,0,0,1,3,4,6,7,,,,0,0,5,33,46,90,164,,,,1.96,1.96,
9,0,5,0,4.29,2,2,3,3,9,11,17,19,26,,26,26,35,35,70,78,95,113,152,,2.56,2.56,
3,0,7,0,3.41,5,6,8,,,,,,,,65,101,139,,,,,,,,3.52,1,3
4,0,5,1,4.29,5,7,7,7,,,,,,,30,31,31,31,,,,,,,3.36,3.36,
6,1,3,0,4.29,0,0,0,1,2,4,,,,,0,0,0,4,5,7,,,,,1.5,1.5,
6,0,5,1,2.36,1,1,1,2,4,5,,,,,2,2,2,5,8,8,,,,,2.72,2.72,
5,1,5,1,2.76,5,5,5,6,7,,,,,,80,80,80,95,104,,,,,,3.2,3.2,
3,1,5,0,4.29,0,0,0,,,,,,,,0,0,0,,,,,,,,2.72,3.36,3
5,1,4.95,1,4.29,0,0,1,2,4,,,,,,0,0,1,5,27,,,,,,2.72,3.36,5
3,0,4,0,2.05,1,1,1,,,,,,,,0,0,0,,,,,,,,1.32,1,3
8,1,3,1,4.29,0,1,3,4,6,8,10,10,,,0,2,18,21,45,53,58,58,,,2.56,2.56,
2,0,3,0,3.59,12,15,,,,,,,,,333,375,,,,,,,,,3.84,1,2
10,0,4,0,4.29,5,5,7,8,9,11,11,11,11,12,24,24,28,40,44,57,57,57,57,72,2.5,2.5,
5,1,5,0,4.29,5,9,13,17,25,,,,,,78,99,127,159,185,,,,,,3.04,3.04,
5,1,5,1,3.41,12,12,14,14,15,,,,,,420,420,566,566,579,,,,,,3.36,3.36,
7,1,6,1,3.59,0,0,0,0,1,2,2,,,,0,0,0,0,9,12,12,,,,3.04,3.04,
10,1,7,1,2.26,1,1,2,2,2,2,2,2,2,3,1,1,3,3,3,3,3,3,3,3,3.68,3.68,
6,0,4,0,4.47,0,1,1,4,5,6,,,,,0,3,3,14,14,14,,,,,3.36,3.36,
5,1,5,1,3.19,2,2,2,2,2,,,,,,13,13,13,13,13,,,,,,1.56,1.56,
4,1,4,1,3.47,6,7,7,10,,,,,,,14,16,16,19,,,,,,,3.36,3.36,
3,1,5,1,4.29,5,5,5,,,,,,,,9,9,9,,,,,,,,2.02,2.02,
6,1,4,0,2.1,1,1,2,2,4,6,,,,,0,0,0,0,3,6,,,,,3.52,3.52,
7,1,6,0,3.59,3,3,4,4,6,8,9,,,,8,8,8,8,12,19,22,,,,3.04,3.68,7
4,1,5,0,4.29,0,1,1,6,,,,,,,0,5,5,23,,,,,,,3.84,3.84,
4,1,3,1,1.81,3,4,4,7,,,,,,,15,18,18,54,,,,,,,1.94,1.94,
6,1,6,1,3.59,6,8,11,15,18,20,,,,,80,89,140,255,389,424,,,,,3.36,3.36,
4,0,4,0,4.29,10,12,14,14,,,,,,,95,100,101,101,,,,,,,1.63,1.63,
10,0,6,1,2.1,2,2,2,2,2,3,3,3,5,6,7,7,7,7,7,14,14,14,26,30,2.37,2.37,
4,1,7,0,4.29,7,8,8,11,,,,,,,196,209,209,262,,,,,,,3.84,3.84,
10,0,3,1,2.51,4,5,6,7,10,13,18,22,27,29,8,8,13,14,39,62,86,100,134,141,1.96,1.96,
3,1,5,0,3.15,9,12,13,,,,,,,,179,188,205,,,,,,,,3.2,3.2,
4,1,4,0,3.15,5,5,6,9,,,,,,,34,34,35,44,,,,,,,1.9,1.9,
5,0,7,1,4.62,3,3,3,7,8,,,,,,105,105,105,120,131,,,,,,2.23,2.23,
5,1,5,1,1.86,1,1,2,3,4,,,,,,5,5,6,7,7,,,,,,1.53,1.53,
6,1,3,1,2.56,4,5,5,6,6,7,,,,,31,40,40,41,41,45,,,,,0.65,0.65,
3,1,7,1,4.25,4,5,6,,,,,,,,72,78,82,,,,,,,,2.56,2.56,
3,1,3,1,2.96,21,27,36,,,,,,,,105,126,173,,,,,,,,2.56,2.56,
5,1,5,1,3.54,6,7,10,11,11,,,,,,68,71,84,84,84,,,,,,1.9,1.9,
5,1,7,0,2.96,3,6,7,9,10,,,,,,34,56,74,94,99,,,,,,1.86,1.86,
6,1,4,1,4.54,5,6,7,9,9,11,,,,,59,61,80,114,114,150,,,,,2.3,2.3,
2,1,4.95,1,2.83,7,8,,,,,,,,,18,18,,,,,,,,,3.2,3.2,
6,1,4,1,2.39,2,2,3,3,6,6,,,,,6,6,9,9,13,13,,,,,1.53,1.53,
5,1,4.95,0,3.69,2,2,3,5,6,,,,,,20,20,25,48,57,,,,,,4,4,
7,1,4,1,3.4,1,1,1,1,1,1,1,,,,20,20,20,20,20,20,20,,,,3.52,3.52,
9,1,6,1,1.97,7,8,9,10,12,14,15,16,17,,35,47,48,61,67,95,130,160,218,,3.52,3.52,
6,1,7,1,3.36,4,4,5,6,7,8,,,,,36,36,38,41,45,45,,,,,2.02,2.02,
6,1,7,1,2.83,5,5,5,6,6,8,,,,,32,32,32,32,32,43,,,,,2.72,2.72,
5,1,4,0,4.54,3,3,4,6,10,,,,,,70,70,72,86,117,,,,,,2.88,2.88,
5,1,4,0,4.62,1,2,4,4,4,,,,,,5,13,32,32,32,,,,,,2.09,1.99,3
6,1,5,1,2.5,7,9,10,11,12,15,,,,,37,43,49,53,56,62,,,,,1.48,1.48,
9,1,3,1,2.58,6,9,9,9,11,13,14,17,21,,66,66,66,66,73,91,103,154,233,,2.11,2.11,
7,1,4,0,1.72,8,11,13,13,13,14,16,,,,61,76,91,91,91,92,104,,,,1.84,1.84,
4,1,7,1,3.69,3,3,4,6,,,,,,,123,123,138,182,,,,,,,2.3,2.3,
10,0,5,1,3.92,8,9,9,9,10,10,10,10,10,10,125,126,126,126,126,126,126,126,126,126,2.56,2.56,
6,0,4,0,1.22,0,1,1,3,7,7,,,,,0,2,2,4,7,7,,,,,1.44,1,6
4,0,4.95,1,1.68,0,0,0,0,,,,,,,0,0,0,0,,,,,,,1.1,1,4
6,0,3,0,2.96,0,1,1,1,1,1,,,,,0,0,0,0,0,0,,,,,1.4,1.4,
7,1,5,1,2.96,2,3,3,3,3,9,10,,,,6,24,24,24,24,49,50,,,,2.4,2.4,
6,1,5,1,3.15,8,8,10,10,10,11,,,,,59,59,66,66,66,86,,,,,1.7,1.7,
4,1,4,1,2.51,4,7,8,8,,,,,,,89,149,165,165,,,,,,,3.84,1.37,3
5,1,4.95,1,4.54,15,15,17,20,22,,,,,,103,103,121,221,238,,,,,,2.36,2.36,
6,0,4,0,4.54,5,5,5,5,5,5,,,,,27,27,27,27,27,27,,,,,3.04,3.04,
5,1,5,0,2.96,1,3,4,5,5,,,,,,1,3,17,17,17,,,,,,2.24,2.24,
9,0,3,1,1.42,0,0,0,0,0,1,1,3,4,,0,0,0,0,0,2,2,4,6,,1.84,1.84,
7,1,5,0,3.09,7,8,9,11,14,18,22,,,,35,36,39,47,59,70,74,,,,2.24,2.24,
10,0,5,1,2.54,11,11,13,13,15,16,17,17,18,18,187,187,199,199,199,244,245,245,245,245,1.47,1.47,
4,1,4,1,4.14,0,0,6,7,,,,,,,0,0,26,26,,,,,,,3.2,3.2,
3,0,5,1,2.21,2,2,2,,,,,,,,18,18,18,,,,,,,,2.49,2.49,
4,0,4,1,2,1,1,2,4,,,,,,,1,1,19,35,,,,,,,2.56,2.56,
3,0,1,1,1.18,0,0,0,,,,,,,,0,0,0,,,,,,,,1.5,1.5,
3,0,7,1,3.69,4,7,7,,,,,,,,100,143,143,,,,,,,,3.36,3.36,
6,1,6,1,2.21,8,8,8,10,11,11,,,,,173,173,173,186,190,190,,,,,2.4,2.56,6
2,0,7,0,3.36,1,1,,,,,,,,,1,1,,,,,,,,,2.52,2.52,
3,1,7,1,3.4,6,7,7,,,,,,,,35,45,45,,,,,,,,2.56,2.56,
4,1,4,1,2.86,10,13,16,16,,,,,,,38,40,46,46,,,,,,,1.48,1.48,
7,1,5,1,2.2,0,0,0,0,2,2,2,,,,0,0,0,0,1,1,1,,,,2.15,2.15,
6,1,4.95,0,2.54,12,14,14,15,22,25,,,,,154,175,175,180,238,257,,,,,3.52,3.52,
7,0,7,0,4.25,8,9,9,10,10,12,14,,,,263,267,267,268,268,287,313,,,,2.88,1,7
2,0,7,1,1.76,4,4,,,,,,,,,40,40,,,,,,,,,1.94,1.94,
7,1,4.95,1,3.69,5,6,9,10,11,12,16,,,,30,35,68,76,83,117,169,,,,3.36,3.36,
5,1,4.95,1,2.51,2,3,5,9,10,,,,,,17,22,37,64,77,,,,,,3.84,3.84,
7,1,2,1,1.68,3,3,5,5,6,6,6,,,,6,6,11,11,13,13,13,,,,1.8,1.8,
4,1,7,0,2.83,5,6,6,7,,,,,,,59,79,79,91,,,,,,,3.36,3.36,
5,1,4.95,0,4.54,7,8,9,11,12,,,,,,73,80,97,113,113,,,,,,2.88,2.88,
4,0,4,0,2.87,4,4,5,6,,,,,,,39,39,44,50,,,,,,,2.22,2.22,
7,1,5,0,3.4,4,4,4,5,7,10,13,,,,42,42,42,56,68,94,108,,,,3.52,3.52,
5,0,4.95,1,2.56,1,5,11,17,23,,,,,,22,47,89,155,187,,,,,,2.72,2.72,
4,1,5,0,2.96,2,2,2,3,,,,,,,0,0,0,4,,,,,,,3.04,3.04,
7,1,5,0,4.54,1,1,2,3,4,6,7,,,,5,5,13,22,31,40,41,,,,2.47,2.47,
6,1,6,1,0.92,0,1,1,1,3,5,,,,,0,22,22,22,25,62,,,,,0.98,2.24,3
3,1,4,0,2.96,8,10,13,,,,,,,,23,25,29,,,,,,,,1.82,1.82,
5,1,6,1,3.54,3,3,5,6,6,,,,,,11,11,27,30,30,,,,,,1.94,1.94,
6,1,7,0,3.69,4,4,5,7,8,8,,,,,48,48,49,68,76,76,,,,,3.68,1.58,6
6,1,7,1,4.62,8,9,10,10,12,16,,,,,60,60,61,61,72,102,,,,,4.64,4.64,
7,1,6,1,3.15,4,5,7,7,9,10,10,,,,58,71,82,82,90,94,94,,,,3.2,3.2,
3,1,7,1,4.62,8,12,16,,,,,,,,45,183,227,,,,,,,,3.52,3.52,
1,0,4,0,2.96,10,,,,,,,,,,165,,,,,,,,,,3.52,3.52,
4,1,5,1,4.25,4,5,8,12,,,,,,,46,70,96,129,,,,,,,3.52,3.52,
5,0,4,1,1.97,2,2,2,2,2,,,,,,3,3,3,3,3,,,,,,3.52,3.52,
10,0,4.95,1,2.51,0,0,0,0,1,1,2,3,4,4,0,0,0,0,0,0,1,2,9,9,2.1,2.1,
2,0,5,0,2.96,0,0,,,,,,,,,0,0,,,,,,,,,3.2,3.2,
6,1,4.95,1,2.39,3,4,5,5,5,5,,,,,10,12,20,20,20,20,,,,,3.36,1.4,6
7,1,5,0,3.09,5,6,6,7,8,9,10,,,,44,53,53,60,63,66,71,,,,2.56,2.56,
7,1,4,0,2.55,1,5,5,5,5,7,8,,,,7,54,54,54,54,65,72,,,,1.88,1.88,
10,0,7,0,4.14,1,1,1,1,2,4,6,6,6,7,1,1,1,1,5,6,10,10,10,10,3.04,1.4,9
4,1,4.95,0,2.86,10,14,18,21,,,,,,,16,20,23,69,,,,,,,2.52,2.72,2
10,0,5,1,2.32,1,1,2,2,2,2,3,3,3,5,4,4,4,4,4,4,6,6,6,26,3.04,3.04,
3,0,4,0,1.52,0,0,3,,,,,,,,0,0,2,,,,,,,,1.3,1.3,
6,1,3,0,2.55,2,4,7,9,9,11,,,,,2,4,28,37,37,39,,,,,1.32,1.32,
5,1,6,1,4.62,4,7,7,7,7,,,,,,20,40,40,40,40,,,,,,2.52,2.52,
5,0,4,0,3.19,3,3,3,3,3,,,,,,31,31,31,31,31,,,,,,2.56,1,5
5,0,5,0,4.29,0,0,0,3,3,,,,,,0,0,0,20,20,,,,,,1.94,1.94,
10,0,1,0,2.76,2,2,3,3,4,6,6,8,8,11,2,2,3,3,3,6,6,7,7,16,2.72,2.18,4
10,0,5,1,2.12,1,1,2,2,2,2,2,2,2,2,4,4,7,7,7,7,7,7,7,7,4,1.84,3
4,1,7,1,4.34,3,6,10,12,,,,,,,16,26,66,80,,,,,,,2.12,2.12,
7,0,5,0,4.29,2,2,3,4,5,7,8,,,,2,2,2,3,3,5,7,,,,1.84,1.84,
8,1,3,1,4.29,4,4,5,6,10,13,17,18,,,21,21,24,35,44,52,72,77,,,3.36,3.36,
10,0,1,1,2.61,2,3,3,3,4,4,5,5,5,5,11,14,14,14,19,19,23,23,23,23,2.88,2.88,
5,1,6,1,3.47,3,3,6,7,11,,,,,,27,27,70,101,124,,,,,,3.2,3.2,
6,1,6,1,2.5,3,6,8,10,11,12,,,,,2,11,15,20,21,21,,,,,1.9,1.9,
5,1,4.95,1,1.81,3,3,4,4,6,,,,,,21,21,37,37,58,,,,,,1.94,1.94,
6,1,5,0,4.29,0,0,0,0,0,0,,,,,0,0,0,0,0,0,,,,,2.72,2.72,
6,1,5,0,2.1,0,1,1,2,2,2,,,,,0,1,1,3,3,3,,,,,1.53,1.53,
7,1,5,1,1.8,7,8,8,8,8,10,11,,,,40,41,41,41,41,47,49,,,,2.16,2.16,
7,1,7,0,4.29,4,4,6,8,13,16,20,,,,25,25,34,59,97,126,160,,,,3.04,3.04,
7,1,4.95,1,2.26,0,3,5,5,5,8,9,,,,0,3,12,12,12,34,38,,,,2.11,2.11,
10,1,6,1,2.58,0,1,1,1,1,1,1,2,3,4,0,15,15,15,15,15,15,28,36,45,2.56,2.08,3
5,1,4,1,3.47,8,9,10,14,16,,,,,,222,225,245,299,301,,,,,,3.04,3.04,
6,1,3,0,4.29,3,4,10,12,17,18,,,,,19,44,86,97,127,136,,,,,4.16,3.04,3
2,0,5,0,2.76,0,1,,,,,,,,,0,9,,,,,,,,,1.86,1.86,
1,1,6,1,2.1,2,,,,,,,,,,155,,,,,,,,,,2.4,2.4,
10,0,3,1,1.75,1,2,2,2,2,2,2,3,4,4,0,19,19,19,19,19,19,22,25,25,2.49,2.49,
5,1,7,0,3.59,2,2,2,5,5,,,,,,62,62,62,88,88,,,,,,2.02,2.02,
9,1,5,0,2.1,0,0,1,1,2,3,3,3,7,,0,0,1,1,3,10,10,10,34,,2.56,2.56,
5,1,7,1,3.59,3,4,6,8,12,,,,,,21,27,39,45,69,,,,,,3.52,2.22,5
6,1,3,0,1.25,4,5,7,9,10,15,,,,,13,14,21,32,35,55,,,,,1.53,1.53,
6,1,4.95,1,3.47,13,13,16,18,23,27,,,,,235,235,282,312,375,430,,,,,3.52,3.52,
8,1,4.95,1,1.81,4,6,8,9,12,13,15,19,,,6,13,43,68,118,119,157,241,,,1.94,1.84,3
3,1,4.95,1,3.59,7,7,7,,,,,,,,281,281,281,,,,,,,,3.04,3.04,
6,1,3,0,1.74,1,1,2,3,4,6,,,,,0,0,3,7,21,27,,,,,1.72,1.72,
8,1,5,0,3.19,3,3,3,3,3,3,4,7,,,8,8,8,8,8,8,14,18,,,3.04,3.04,
5,1,5,0,4.29,1,1,3,5,5,,,,,,6,6,10,17,17,,,,,,1.58,1.58,
6,1,7,1,3.41,7,7,8,9,11,12,,,,,53,53,64,71,85,88,,,,,3.2,3.2,
5,1,7,1,4.34,4,5,9,12,16,,,,,,15,37,79,115,137,,,,,,3.36,3.36,
8,1,4.95,1,2.1,7,7,8,9,9,12,12,15,,,23,23,37,48,48,71,71,75,,,3.2,3.2,
9,1,7,0,4.29,1,1,1,1,1,1,3,3,3,,4,4,4,4,4,4,7,7,7,,2.56,1.9,9
5,1,4.95,1,4.29,4,8,8,10,13,,,,,,55,79,79,82,120,,,,,,2.56,2.72,3
4,1,4.95,0,1.75,2,4,4,7,,,,,,,8,45,45,55,,,,,,,1.98,1.98,
5,1,7,1,4.34,9,9,11,14,15,,,,,,212,212,267,352,356,,,,,,3.52,3.52,
3,1,4.95,0,3.47,7,9,14,,,,,,,,64,64,124,,,,,,,,3.84,1.72,3
6,1,4,1,4.34,5,7,10,12,16,19,,,,,121,154,162,163,259,341,,,,,4.64,4.64,
3,0,4,1,1.25,2,2,2,,,,,,,,7,7,7,,,,,,,,2.08,2.08,
4,1,5,0,4.29,0,1,5,8,,,,,,,0,7,33,46,,,,,,,2.72,2.72,
7,1,7,1,3.62,6,11,15,19,24,28,32,,,,50,74,116,143,155,174,191,,,,2.1,2.1,
5,1,4,0,4.29,2,5,5,6,7,,,,,,31,82,82,90,95,,,,,,1.53,3.84,5
10,0,6,1,3.34,0,3,3,3,4,5,5,5,6,7,0,58,58,58,60,61,61,61,63,65,3.52,2.1,7
5,1,5,0,4.29,2,2,2,2,3,,,,,,5,5,5,5,8,,,,,,2.56,2.56,
5,1,6,1,3.42,1,2,3,5,5,,,,,,4,12,21,61,61,,,,,,1.95,1.95,
6,1,5,1,3.59,19,21,23,26,29,36,,,,,112,131,134,159,163,179,,,,,1.26,1.26,
4,1,2,0,4.29,4,6,7,7,,,,,,,18,150,152,152,,,,,,,3.2,3.2,
4,1,4,0,4.29,3,4,5,8,,,,,,,3,4,6,10,,,,,,,3.2,3.2,
5,0,5,1,2.1,4,5,5,5,5,,,,,,9,10,10,10,10,,,,,,3.04,3.04,
3,1,7,1,1.8,3,5,7,,,,,,,,93,114,121,,,,,,,,1.94,1.94,
10,0,2,0,4.29,4,4,6,6,13,19,22,27,33,35,107,107,114,114,222,270,316,424,505,566,3.04,3.04,
3,1,7,0,3.85,9,13,16,,,,,,,,111,152,164,,,,,,,,3.2,3.2,
8,0,5,1,2.1,1,2,2,4,7,7,9,11,,,18,25,25,32,33,33,36,36,,,2.1,2.1,
4,1,4,1,2.26,4,4,5,5,,,,,,,60,60,67,67,,,,,,,1.94,1.94,
5,1,4,1,4.29,6,6,6,8,11,,,,,,28,28,28,40,53,,,,,,2.12,2.12,
4,1,5,0,4.29,2,2,3,12,,,,,,,6,6,14,39,,,,,,,3.84,3.84,
7,1,4.95,1,3.85,5,6,6,7,8,11,11,,,,42,47,47,51,61,100,100,,,,3.52,3.36,7
5,1,4,1,4.34,3,3,3,4,5,,,,,,39,39,39,44,55,,,,,,1.83,1.83,
5,1,5,1,2.76,5,7,9,11,15,,,,,,13,22,53,62,195,,,,,,2.11,2.11,
10,0,4.95,0,4.29,0,1,1,1,2,3,4,4,4,4,0,1,1,1,3,3,8,8,8,8,3.84,3.84,
4,1,4.95,1,2.58,6,6,7,8,,,,,,,23,23,32,34,,,,,,,2.88,2.88,
4,0,7,1,2.12,1,1,4,4,,,,,,,5,5,16,16,,,,,,,1.84,1,2
6,1,6,0,3.59,3,6,6,8,8,9,,,,,34,84,84,177,177,177,,,,,3.52,2.52,2
6,1,4.95,1,1.81,1,1,1,2,3,4,,,,,4,4,4,4,5,5,,,,,1.94,1.94,
4,1,7,1,3.59,3,3,4,4,,,,,,,15,15,20,20,,,,,,,4.64,4.64,
8,1,7,0,3.85,5,5,6,9,10,11,13,19,,,58,58,67,109,114,118,131,259,,,3.52,3.84,4
5,1,7,1,4.29,5,6,7,9,9,,,,,,43,59,81,92,92,,,,,,1.89,2.56,5
3,0,3,1,1.38,4,8,9,,,,,,,,20,34,46,,,,,,,,1.89,1.89,
